{
  "timestamp": "2025-08-11 08:26:04",
  "test_results": {
    "multithreading": "PARTIAL - Speedup only 0.93x",
    "memory_optimization": "PASSED",
    "caching": "PASSED",
    "autoscaling": "PASSED",
    "batch_processing": "PASSED"
  },
  "performance_metrics": {
    "sequential_time": 0.08887004852294922,
    "parallel_time": 0.09559249877929688,
    "threading_speedup": 0.9296759647232531,
    "memory_standard_time": 3.0527918338775635,
    "memory_optimized_time": 0.2560906410217285,
    "memory_improvement": 11.920747363893486,
    "no_cache_time": 0.20365262031555176,
    "cache_time": 0.10168695449829102,
    "cache_speedup": 2.0027408758610665,
    "individual_processing_time": 0.0005018711090087891,
    "batch_processing_time": 0.00044035911560058594,
    "batch_speedup": 1.1396859772604222
  },
  "scaling_metrics": {
    "scale_up_count": 3,
    "scale_down_count": 2,
    "final_workers": 4
  },
  "optimization_score": 90,
  "pass_rate": 80.0,
  "overall_performance_score": 90,
  "generation_3_status": "PASSED"
}